ticker,event_date,source_text,pre_mom_1d,pre_mom_5d,pre_mom_20d,pre_rv_20,pre_vol_compression_5v20,pre_volume_spike,pre_liquidity_gap_proxy,event_gap,target_ret_1d,target_ret_3d,target_ret_7d,target_dir_1d,target_dir_3d,target_dir_7d
NVDA,2025-02-26,"On February 26, 2025, NVIDIA Corporation, or the Company, issued a press release announcing its results for the quarter and fiscal year ended January 26, 2025. Kress, Executive Vice President and Chief Financial Officer of the Company, regarding results for the quarter and fiscal year ended January 26, 2025, or the CFO Commentary.",-0.028016591649361766,-0.09160686658673134,0.06932949849196723,0.777985039818822,0.3796908051084306,0.9124217226571589,0.019505160905104256,0.02653406232823241,-0.08478060143898469,-0.1311700287996861,-0.1416057016358101,0.0,0.0,0.0
GOOGL,2025-04-24,"(“ Alphabet ” or the “ Company ”) is issuing a press release and holding a conference call regarding its financial results for the quarter ended March 31, 2025. Alphabet’s Board of Directors also declared a quarterly cash dividend of $0.21 payable on June 16, 2025 to stockholders of record for each of the Company’s Class A, Class B, and Class C shares as of June 9, 2025.",0.025615665488501804,-0.006141587039039331,-0.08917678044556099,0.5079140976828336,0.6547619859549597,0.7875567667399762,0.012727818489390837,0.0051495832734997915,0.016825765664927106,0.005524892576323159,0.030951833076050317,1.0,1.0,1.0
META,2025-04-30,"(""Meta"") issued a press release and will hold a conference call regarding its financial results for the quarter ended March 31, 2025.",0.008549518482414697,0.10825938233441668,-0.03803175700475758,0.7366617969272131,0.2694592900031771,0.5607074974196423,0.01554307474202661,-0.028930051866232098,0.042276907054018764,0.09156652009335153,0.07921673995332412,1.0,1.0,1.0
MSFT,2025-04-30,"¨ On April 30, 2025, Microsoft Corporation issued a press release announcing its financial results for the fiscal quarter ended March 31, 2025.",0.007362728438105481,0.07420533416173325,0.049681646204549734,0.46091644573982277,0.3977226545884921,0.5596584391663731,0.00823451693696598,-0.009491474649399034,0.07625356318928223,0.10350149939622666,0.10997824254085131,1.0,1.0,1.0
AAPL,2025-05-01,"(“Apple”) issued a press release regarding Apple’s financial results for its second fiscal quarter ended March 29, 2025.",0.006107633374967891,0.03861189472539617,-0.04789642154429696,0.7700536143732414,0.1642894566117817,0.6831355650335907,0.013088126103695877,-0.016094109030330928,-0.0373617145464924,-0.06942627183991001,-0.011860181657694424,0.0,0.0,0.0
AMZN,2025-05-01,"announced its first quarter 2025 financial results. A copy of the press release containing the announcement is included as Exhibit 99.1 and additional information regarding the inclusion of non-GAAP financial measures in certain of Amazon.com, Inc.’s public disclosures, including its first quarter 2025 financial results announcement, is included as Exhibit 99.2.",-0.015849304820837684,0.0211516718512188,-0.04032887585910583,0.6566997581356697,0.5124328170268038,0.8824251102339796,0.014106204567265131,0.033673174143393325,-0.0011566836184702112,-0.02728707951987286,0.09695059273015771,0.0,0.0,1.0
NVDA,2025-05-28,"On May 28, 2025, NVIDIA Corporation, or the Company, issued a press release announcing its results for the quarter ended April 27, 2025. Kress, Executive Vice President and Chief Financial Officer of the Company, regarding results for the quarter ended April 27, 2025, or the CFO Commentary.",0.032066470631100685,-0.0005163924204217851,0.24620616036575615,0.3519694017995517,0.752580696681092,0.9286038970912629,0.009696198231767032,0.003911430105512093,0.0324902081606282,0.019063922340787354,0.05125735321748692,1.0,1.0,1.0
GOOGL,2025-07-23,"(“ Alphabet ” or the “ Company ”) is issuing a press release and holding a conference call regarding its financial results for the quarter ended June 30, 2025. Alphabet’s Board of Directors declared a quarterly cash dividend of $0.21 payable on September 15, 2025 to stockholders of record for each of the Company’s Class A, Class B, and Class C shares as of September 8, 2025.",0.006522831112902638,0.05131866119720119,0.1583025213996223,0.19352932912288628,0.6928999739997607,1.0899672811384997,0.003132334771578321,0.0008362269529200717,0.010198194212151845,0.012353499218290764,-0.005782425849927719,1.0,1.0,0.0
META,2025-07-30,"(""Meta"") issued a press release and will hold a conference call regarding its financial results for the quarter ended June 30, 2025.",-0.024566984048683183,-0.006824530831366138,-0.051606207196358,0.1803749247417427,1.0755031418069152,1.2516212040688797,0.008060660710233213,0.011557181222098256,0.11252711841922625,0.11674166162656863,0.10657206236768912,1.0,1.0,1.0
MSFT,2025-07-30,"¨ On July 30, 2025, Microsoft Corporation issued a press release announcing its financial results for the fiscal quarter and year ended June 30, 2025.",0.0001365996570121819,0.014447757573722297,0.030477882532510492,0.10771666736400892,0.8918551173761385,0.9959683596868222,0.0036103865676342583,0.0050724302022864265,0.03947472946598163,0.04364434736239731,0.017145951134770687,1.0,1.0,1.0
AAPL,2025-07-31,"(“Apple”) issued a press release regarding Apple’s financial results for its third fiscal quarter ended June 28, 2025.",-0.010507886476113892,-0.023815040812897648,0.005918562622414747,0.1413404182202274,0.614303845566597,0.9564921121831734,0.0038863812891769085,-0.0026787732619889537,-0.025003624118486445,-0.02240212454205992,0.09447407939304164,0.0,0.0,1.0
AMZN,2025-07-31,"announced its second quarter 2025 financial results. A copy of the press release containing the announcement is included as Exhibit 99.1 and additional information regarding the inclusion of non-GAAP financial measures in certain of Amazon.com, Inc.’s public disclosures, including its second quarter 2025 financial results announcement, is included as Exhibit 99.2.",-0.003549595623255297,0.008322787731182002,0.04413496975062481,0.15027746710488904,0.8658661496056799,0.9217733145251618,0.00480928936648397,0.024240852217181086,-0.08269617085933034,-0.0869676671533498,-0.05471785709793098,0.0,0.0,0.0
NVDA,2025-08-27,"On August 27, 2025, NVIDIA Corporation, or the Company, issued a press release announcing its results for the quarter ended July 27, 2025. Kress, Executive Vice President and Chief Financial Officer of the Company, regarding results for the quarter ended July 27, 2025, or the CFO Commentary.",0.010900432347920486,0.0349009616494782,0.035667540092032546,0.2377783343607973,1.1407342672706233,1.0423877200861804,0.008841487220022301,0.00115525911944947,-0.007874492767115715,-0.059581536126442236,-0.07318286397714269,0.0,0.0,0.0
GOOGL,2025-10-29,"(“ Alphabet ” or the “ Company ”) is issuing a press release and holding a conference call regarding its financial results for the quarter ended September 30, 2025.",-0.006684695162509802,0.06791501258030652,0.10024678940900711,0.2572734110574461,1.2286365811183297,1.029566946268893,0.011776646438968716,0.0010468418066287288,0.025166636842274936,0.03332481207854521,0.015515093179921058,1.0,1.0,1.0
META,2025-10-29,"(""Meta"") issued a press release and will hold a conference call regarding its financial results for the quarter ended September 30, 2025.",0.0008257573201826407,0.024779388801101643,0.0232304766539988,0.23981824677555505,0.3914295944469266,1.0010410334495032,0.0015175090057747268,0.004404872708186458,-0.1133476314661016,-0.15160903525280334,-0.17289497238448792,0.0,0.0,0.0
MSFT,2025-10-29,"¨ On October 29, 2025, Microsoft Corporation issued a press release announcing its financial results for the fiscal quarter ended September 30, 2025. Microsoft Corporation is also furnishing an investor presentation titled ""First Quarter Fiscal Year 2026 Results."" A copy of the presentation is furnished as Exhibit 99.3 to this report.",0.019848712005754443,0.04715457142921142,0.046568191039150664,0.14828964945001136,0.7628702217553361,1.6698032231949973,0.0013695494018535306,0.0052945100787893384,-0.029157009294181968,-0.04527736875412425,-0.082596217296657,0.0,0.0,0.0
AAPL,2025-10-30,"(“Apple”) issued a press release regarding Apple’s financial results for its fourth fiscal quarter ended September 27, 2025.",0.0026022758625696696,0.04352872690517873,0.05578397114514866,0.23241865311505544,0.8152093527585759,1.1399784249857028,0.0039002255083570208,0.008490833977367052,-0.0037951319176879883,-0.005010999934219718,-0.00725866346723103,0.0,0.0,0.0
AMZN,2025-10-30,"announced its third quarter 2025 financial results. A copy of the press release containing the announcement is included as Exhibit 99.1 and additional information regarding the inclusion of non-GAAP financial measures in certain of Amazon.com, Inc.’s public disclosures, including its third quarter 2025 financial results announcement, is included as Exhibit 99.2.",0.0045801659836763875,0.05666440136013606,0.04382902576683323,0.26023142696651785,0.6993776555823827,1.1771842016729595,0.006034770722949722,-0.014068629831654467,0.09584492754129248,0.11872927686170964,0.11460106441795692,1.0,1.0,1.0
NVDA,2025-11-19,"On November 19, 2025, NVIDIA Corporation, or the Company, issued a press release announcing its results for the quarter ended October 26, 2025. Kress, Executive Vice President and Chief Financial Officer of the Company, regarding results for the quarter ended October 26, 2025, or the CFO Commentary.",-0.028081486183109683,-0.06108926707414697,0.0011039795992453527,0.4372534292122256,0.7009509977659584,1.1247254367987105,0.010631701178142001,0.018912619454333424,-0.03152479491810023,-0.02128458679908618,-0.03538497722675682,0.0,0.0,0.0
META,2026-01-28,"(""Meta"") issued a press release and will hold a conference call regarding its financial results for the quarter and full year ended December 31, 2025.",0.0009072303005115412,0.11396738419919705,0.014593907636852865,0.2939524418581867,1.3297887095458416,0.9692275172823835,0.010560793283754772,0.0022735476521729137,0.10404800012266713,0.05634560102923647,-0.010871291415703865,1.0,1.0,0.0
MSFT,2026-01-28,"¨ On January 28, 2026, Microsoft Corporation issued a press release announcing its financial results for the fiscal quarter ended December 31, 2025.",0.021901819808846534,0.057335206786273796,-0.01461935373015466,0.22828634515990642,1.334909469652171,1.205177795047528,0.012602479921850908,0.0054725643104096555,-0.09993149179840488,-0.12096424470024558,-0.16711996640234106,0.0,0.0,0.0
AAPL,2026-01-29,"(“Apple”) issued a press release regarding Apple’s financial results for its first fiscal quarter ended December 27, 2025.",-0.007085556394896275,0.03549367559684269,-0.06326711976320787,0.18763182330104167,0.992686579104722,0.9093612138324747,0.003847342325817961,0.006083284759561547,0.004646167774132071,0.04336383870205052,0.0632646601173843,1.0,1.0,1.0
GOOGL,2026-02-04,"(“ Alphabet ” or the “ Company ”) is issuing a press release and holding a conference call regarding its financial results for the quarter and fiscal year ended December 31, 2025.",-0.011580234973540326,0.015423714991442683,0.0731976441672082,0.18461619145934743,0.7310375608279123,1.1649484614409766,0.005953206835714077,0.009566983844305765,-0.0053747552816328925,-0.026183044069694517,-0.08203220821300727,0.0,0.0,0.0
AMZN,2026-02-05,"announced its fourth quarter 2025 and year ended December 31, 2025 financial results. A copy of the press release containing the announcement is included as Exhibit 99.1 and additional information regarding the inclusion of non-GAAP financial measures in certain of Amazon.com, Inc.’s public disclosures, including its fourth quarter 2025 and year ended December 31, 2025 financial results announcement, is included as Exhibit 99.2.",-0.023593955826118118,-0.04123282679795304,-0.03295557806828142,0.2728152356363042,0.7111201816037827,1.2192859427476623,0.016575232645254637,-0.03467960702413797,-0.05554804877440456,-0.07063629060616639,-0.09672642825799704,0.0,0.0,0.0
